tamanho_m2,n_quartos,bairro,idade_imovel,preco
94.9,3,Zona Sul,54.0,581545.47
,3,Zona Norte,10.0,438154.41
99.4,3,z. norte,27.0,660864.6
125.7,4,Zona Norte,45.0,716068.37
73.0,2,Zona Norte,31.0,381780.77
73.0,2,ZONA SUL,4.0,321625.32
127.4,4,Zona Norte,37.0,670758.79
103.0,3,Zona Sul,9.0,742312.93
65.9,2,Subúrbio,39.0,261965.38
96.3,3,Centro,45.0,466684.06
66.1,2,ZONA SUL,23.0,324157.53
66.0,2,Subúrbio,34.0,250756.83
87.3,3,Zona Sul,43.0,527141.89
22.6,1,Centro,47.0,84056.2
28.3,1,Centro,59.0,48711.17
63.1,2,Zona Norte,22.0,290858.37
49.6,2,Zona Norte,16.0,263644.7
89.4,3,Zona Sul,0.0,655374.55
52.8,2,Subúrbio,,185726.15
37.6,1,Zona Sul,30.0,195054.62
124.0,4,ZONA SUL,30.0,512101.58
73.2,2,centro ,41.0,365397.14
82.0,3,Zona Norte,,405065.75
37.3,1,Zona Sul,,180559.86
63.7,2,Zona Sul,41.0,386914.4
83.3,3,Subúrbio,52.0,323978.39
45.5,2,Subúrbio,55.0,154793.94
91.3,3,Zona Sul,33.0,587229.86
62.0,2,Subúrbio,8.0,314544.76
,2,Zona Sul,21.0,514117.36
61.9,2,Zona Sul,12.0,455094.58
135.6,5,Zona Sul,24.0,951618.4
79.6,3,Centro,47.0,403649.74
48.3,2,Subúrbio,17.0,234025.79
104.7,3,Zona Norte,50.0,471685.83
43.4,1,Zona Norte,11.0,271208.81
86.3,3,Subúrbio,39.0,294082.0
21.2,1,Zona Sul,16.0,153802.5
40.2,-1,Zona Norte,14.0,243370.56
85.9,3,Zona Norte,41.0,424637.28
102.2,3,Subúrbio,14.0,435302.06
85.1,3,Zona Norte,14.0,484735.07
,3,Zona Sul,54.0,525705.04
71.0,2,Subúrbio,38.0,261835.53
35.6,1,centro ,12.0,210859.56
58.4,2,Zona Norte,16.0,295310.11
66.2,2,Zona Norte,31.0,277828.76
111.7,4,Zona Sul,8.0,841471.57
90.3,3,Centro,39.0,437620.25
27.1,1,Zona Norte,19.0,120793.8
89.7,3,Centro,25.0,498401.23
68.4,2,Zona Norte,26.0,331930.35
59.7,2,ZONA SUL,20.0,331234.41
98.4,3,Centro,,495108.79
110.9,4,Centro,12.0,645411.51
107.9,4,Zona Sul,15.0,786606.77
54.8,2,Centro,8.0,299460.0
70.7,2,Centro,11.0,381044.95
89.9,3,Centro,43.0,406586.68
109.3,4,Zona Norte,37.0,574071.79
65.6,2,Centro,18.0,336873.77
74.4,2,Zona Norte,59.0,285868.18
46.8,2,Centro,6.0,244917.49
44.1,1,Centro,56.0,152691.65
104.4,3,Zona Sul,34.0,671923.77
120.7,4,Zona Norte,47.0,540572.59
77.8,3,Centro,17.0,455990.11
110.1,4,Zona Norte,15.0,603767.24
90.8,3,Zona Norte,54.0,365026.9
60.6,2,Subúrbio,38.0,293034.52
90.8,3,Zona Sul,3.0,699863.91
126.1,-1,Zona Sul,58.0,800347.67
78.9,3,ZONA SUL,24.0,518939.0
126.9,4,Subúrbio,31.0,546652.98
20.0,1,Subúrbio,39.0,55269.8
104.7,3,Zona Sul,12.0,751133.69
82.6,3,Subúrbio,44.0,300457.04
71.0,2,Subúrbio,16.0,329852.28
,3,Subúrbio,48.0,307207.43
20.4,1,Zona Sul,36.0,108647.03
73.4,2,Zona Sul,5.0,495505.8
90.7,3,Zona Sul,18.0,711981.27
124.3,4,Subúrbio,12.0,567812.99
64.5,2,Zona Sul,56.0,448264.28
55.7,2,Subúrbio,59.0,209008.83
64.9,2,Centro,25.0,310392.51
107.5,4,Subúrbio,13.0,503129.68
89.9,três,Zona Norte,30.0,491330.0
64.1,2,Zona Sul,,376546.48
95.4,3,Zona Sul,3.0,711148.92
82.9,3,Zona Norte,59.0,408913.45
109.1,4,centro ,38.0,424826.97
58.9,2,Centro,7.0,292246.28
70.2,três,Zona Norte,24.0,331024.17
68.2,2,centro ,12.0,367010.05
36.1,1,Subúrbio,31.0,116483.07
88.9,3,Zona Sul,58.0,513376.34
87.8,três,Subúrbio,37.0,378186.06
80.2,3,Zona Norte,37.0,413758.36
,2,centro ,55.0,327379.8
37.5,1,centro ,27.0,209613.03
67.4,2,Zona Sul,52.0,377227.32
69.7,2,Zona Sul,29.0,423380.73
55.9,2,Subúrbio,2.0,281338.94
75.2,3,Zona Sul,27.0,492794.5
92.1,3,Zona Norte,2.0,523889.34
136.6,5,Zona Norte,44.0,766788.2
85.2,3,Centro,53.0,396718.94
87.7,3,Subúrbio,33.0,388127.11
77.8,3,Centro,15.0,443394.38
22.4,1,Zona Norte,21.0,110028.34
79.2,3,Centro,31.0,422433.37
81.8,3,Zona Norte,37.0,410687.33
153.9,5,Centro,7.0,860029.6
74.2,2,Zona Sul,54.0,412746.19
89.0,3,Centro,7.0,495975.81
79.0,3,Zona Sul,56.0,464474.43
44.9,1,Zona Sul,5.0,338527.44
114.3,4,Subúrbio,13.0,454553.81
,3,Zona Sul,31.0,698608.54
103.7,3,Zona Sul,34.0,696048.83
52.7,2,Centro,9.0,297472.36
122.1,4,Zona Norte,2.0,718154.12
37.9,1,Subúrbio,58.0,89594.16
97.6,3,z. norte,11.0,698650.15
145.7,5,Subúrbio,48.0,553758.42
50.3,2,Centro,,191960.04
63.0,2,Zona Sul,30.0,428744.04
83.0,3,Centro,28.0,392772.85
64.9,2,centro ,4.0,291575.22
33.5,três,Centro,51.0,90574.97
82.1,3,Subúrbio,24.0,344097.95
48.1,2,Centro,40.0,202124.12
94.2,3,Subúrbio,30.0,351415.22
52.4,2,ZONA SUL,20.0,283666.46
126.5,4,Centro,57.0,625502.26
56.5,2,Centro,19.0,312390.88
70.3,2,Zona Norte,38.0,358523.91
104.4,3,Zona Norte,21.0,587285.34
43.1,1,Centro,3.0,234874.95
86.8,3,Zona Norte,12.0,514177.62
119.2,4,Zona Sul,44.0,763819.6
31.8,1,Subúrbio,41.0,121170.81
85.5,3,Subúrbio,49.0,345137.78
87.8,3,Subúrbio,48.0,348578.71
103.5,3,Zona Sul,19.0,726747.43
42.9,1,Zona Norte,51.0,129135.23
40.4,1,centro ,12.0,168029.1
95.7,3,Centro,16.0,565586.08
88.9,3,Zona Norte,999.0,419986.04
87.5,3,Centro,35.0,439584.12
90.4,3,Zona Sul,32.0,570088.12
59.6,2,Subúrbio,0.0,225943.68
87.0,3,Subúrbio,14.0,376420.88
88.8,3,Subúrbio,12.0,378521.06
,2,Zona Norte,16.0,308899.32
136.0,-1,Centro,23.0,747980.79
94.2,3,Centro,57.0,520258.77
44.3,1,Zona Sul,7.0,289888.42
99.7,3,Zona Norte,49.0,532381.24
50.8,2,Zona Sul,26.0,380497.8
103.6,3,Centro,44.0,534671.42
114.8,4,Centro,22.0,613735.55
55.4,2,Subúrbio,45.0,158673.95
108.9,4,ZONA SUL,7.0,628344.74
92.4,3,Centro,7.0,541981.5
104.7,3,Subúrbio,58.0,449477.84
136.9,5,Zona Norte,25.0,718520.21
72.6,2,Zona Sul,46.0,427143.53
57.4,2,Zona Norte,58.0,211623.64
53.3,2,Zona Norte,12.0,269568.5
55.5,2,Centro,38.0,280560.08
77.7,3,Centro,36.0,374055.6
90.2,3,Zona Norte,48.0,414444.66
88.3,3,Centro,27.0,484913.5
104.8,3,Centro,24.0,561599.65
80.4,3,Centro,15.0,449950.62
123.6,4,Subúrbio,54.0,474037.47
72.1,2,Subúrbio,1.0,357831.88
161.6,5,Zona Norte,53.0,828960.08
98.8,3,Centro,17.0,599755.81
54.3,2,Subúrbio,16.0,234776.08
47.9,2,Zona Norte,29.0,165865.69
94.5,3,Centro,38.0,404034.6
73.3,2,Zona Sul,12.0,523743.26
101.4,3,Centro,31.0,559614.9
94.2,3,Centro,49.0,433970.8
77.8,3,Subúrbio,28.0,388689.89
54.6,2,Zona Norte,,295370.91
34.6,1,Zona Norte,29.0,155589.32
66.6,2,z. norte,17.0,294201.82
105.7,4,Centro,,617295.73
,3,Zona Sul,42.0,614548.13
42.6,1,Centro,20.0,223603.26
85.2,3,Centro,29.0,448115.09
91.6,3,Zona Sul,20.0,654305.92
53.5,2,Subúrbio,47.0,205657.92
84.6,3,Zona Norte,54.0,429791.07
,3,Subúrbio,16.0,308684.35
45.7,2,z. norte,39.0,177519.17
,3,Centro,18.0,500481.32
96.8,3,Zona Norte,51.0,465432.26
112.5,dois,Zona Norte,14.0,644982.68
111.6,4,Subúrbio,8.0,558491.27
38.7,1,Zona Sul,51.0,182050.99
51.9,2,Subúrbio,9.0,249412.63
95.5,3,Zona Sul,43.0,662769.82
95.4,3,Zona Norte,30.0,496914.83
,três,Subúrbio,52.0,340751.83
195.6,5,Centro,22.0,1063383.09
97.1,3,Subúrbio,51.0,309256.88
114.1,4,Zona Norte,29.0,537883.83
108.6,4,Centro,32.0,585090.63
99.5,3,Centro,56.0,403359.58
,2,Zona Sul,51.0,371617.47
102.8,3,Centro,8.0,550442.43
56.8,2,Centro,53.0,222933.73
72.9,2,centro ,46.0,263947.57
65.4,2,Zona Norte,0.0,400581.57
,3,Zona Sul,43.0,537269.88
149.4,5,Subúrbio,34.0,611779.42
24.0,1,Centro,10.0,165543.45
100.6,3,Centro,33.0,470573.31
31.6,1,Zona Sul,15.0,208926.91
65.8,2,Zona Norte,8.0,311007.64
112.7,4,Zona Sul,31.0,783464.9
81.9,3,Subúrbio,14.0,349354.78
47.7,2,Zona Sul,11.0,372856.91
58.5,2,Centro,32.0,306325.13
100.4,3,Subúrbio,44.0,379137.55
58.1,2,Centro,13.0,287576.82
86.5,3,Zona Norte,56.0,399015.89
81.4,3,Centro,56.0,439102.92
60.5,2,Centro,7.0,380332.0
144.3,dois,Zona Sul,7.0,1025371.05
99.0,3,Centro,26.0,540094.61
20.0,1,Subúrbio,11.0,30857.06
85.6,3,Subúrbio,0.0,376954.24
60.1,2,Zona Norte,42.0,249905.1
105.6,4,Subúrbio,39.0,471570.38
56.2,2,Zona Sul,41.0,298786.93
76.6,3,Zona Norte,50.0,380670.04
95.1,3,Subúrbio,10.0,416619.78
106.0,4,Zona Sul,38.0,713458.8
44.0,1,Subúrbio,42.0,191711.92
70.0,2,Subúrbio,30.0,328650.77
65.8,2,Centro,16.0,340426.42
60.4,2,Subúrbio,32.0,224823.0
133.0,4,Subúrbio,31.0,513448.31
92.1,3,Zona Sul,57.0,565693.66
42.2,1,ZONA SUL,,304126.73
107.5,4,Centro,20.0,583817.23
143.7,5,Subúrbio,20.0,652521.52
111.0,4,Centro,39.0,534444.87
34.4,três,Subúrbio,22.0,114232.36
65.5,2,Zona Norte,55.0,298738.85
118.0,4,Zona Norte,5.0,665712.54
58.8,2,Centro,21.0,327089.6
93.3,3,Centro,49.0,434992.76
103.2,3,Centro,37.0,468195.45
,2,Zona Sul,36.0,354711.26
78.2,3,Zona Sul,44.0,472508.08
20.0,1,Zona Sul,50.0,73698.12
49.3,2,Centro,53.0,220367.56
72.4,2,Subúrbio,7.0,263379.23
42.6,1,Zona Norte,40.0,204306.29
129.0,4,Centro,48.0,635864.68
37.1,1,Zona Sul,34.0,202474.07
66.8,2,centro ,50.0,377945.85
83.9,3,Centro,10.0,513288.83
123.2,dois,Centro,23.0,701995.7
36.9,1,Zona Sul,48.0,118036.84
114.9,4,Subúrbio,20.0,567344.46
80.3,3,Zona Sul,50.0,482146.24
50.6,2,Zona Sul,1.0,441728.91
93.9,3,Centro,39.0,463129.23
86.0,3,Subúrbio,18.0,360059.66
62.0,2,Zona Sul,38.0,373437.88
82.1,3,Zona Sul,27.0,546937.72
68.4,2,Zona Norte,58.0,370934.86
83.4,-1,Centro,16.0,450736.71
99.9,3,Zona Norte,5.0,542750.71
,4,Zona Norte,18.0,693212.85
42.9,1,centro ,55.0,168355.92
144.0,5,Centro,37.0,812368.62
21.4,1,Subúrbio,27.0,25217.04
75.4,3,Zona Sul,1.0,548031.65
97.6,3,Subúrbio,37.0,422297.87
88.4,3,Subúrbio,54.0,338189.59
61.3,2,Centro,36.0,309071.53
73.8,2,Zona Norte,50.0,379776.59
65.2,2,Centro,51.0,319663.91
62.3,2,Subúrbio,3.0,281800.52
105.5,4,z. norte,21.0,811402.69
90.7,3,Subúrbio,25.0,361991.77
59.2,2,Zona Sul,48.0,340273.34
107.0,4,Zona Sul,42.0,716608.77
89.2,3,Centro,35.0,450522.28
104.4,3,Subúrbio,,365067.13
98.9,dois,Zona Norte,12.0,488934.83
55.1,2,Subúrbio,51.0,203836.65
63.2,2,Subúrbio,57.0,197374.06
102.4,3,Zona Norte,31.0,582828.3
98.3,3,Centro,16.0,525379.27
79.4,3,Subúrbio,40.0,309947.13
83.5,3,Subúrbio,35.0,372909.48
118.3,4,Zona Sul,54.0,779910.43
62.3,2,Subúrbio,59.0,204945.91
96.4,3,Zona Norte,45.0,455342.65
73.9,dois,Zona Sul,18.0,607203.49
73.5,2,Centro,,332701.39
113.0,4,Zona Sul,59.0,755744.37
104.8,3,Zona Norte,34.0,502124.09
104.4,3,Zona Norte,45.0,497186.88
119.2,4,Zona Sul,39.0,865888.74
80.6,3,Centro,55.0,422558.5
100.5,3,Zona Sul,58.0,631609.49
70.7,2,Centro,27.0,341512.86
89.7,3,Zona Sul,0.0,654191.37
76.1,3,Zona Norte,41.0,358695.22
82.9,3,Subúrbio,17.0,324534.04
97.9,3,Subúrbio,47.0,410734.17
55.5,2,Centro,39.0,274931.83
142.8,5,Centro,32.0,787940.46
49.8,2,Centro,11.0,262490.45
43.6,1,Zona Norte,7.0,235040.88
114.7,4,Zona Sul,23.0,792020.31
103.7,3,Zona Norte,15.0,534430.16
98.7,3,Subúrbio,49.0,434106.25
98.9,3,centro ,3.0,553397.05
79.6,3,Zona Sul,37.0,538685.51
53.1,2,z. norte,43.0,217802.1
82.3,3,Subúrbio,26.0,349917.77
59.7,2,Subúrbio,8.0,268359.58
109.3,4,Zona Norte,999.0,524669.2
75.6,3,Centro,15.0,388557.94
55.2,2,Subúrbio,55.0,158505.89
,2,Centro,11.0,393455.88
92.4,3,Zona Norte,30.0,479066.44
63.1,2,Subúrbio,23.0,229872.11
55.3,2,Zona Norte,54.0,253069.91
87.3,3,Zona Norte,13.0,493356.78
87.3,3,ZONA SUL,44.0,409896.01
64.8,2,Subúrbio,24.0,261531.99
65.9,2,Zona Norte,33.0,336258.5
87.0,3,Subúrbio,2.0,367695.33
,1,Centro,57.0,134274.15
37.8,1,Zona Norte,23.0,183411.14
58.4,2,Centro,53.0,222757.38
73.6,2,Subúrbio,41.0,283780.24
89.3,3,Subúrbio,8.0,406678.37
124.3,4,Centro,25.0,645023.4
105.7,4,centro ,19.0,737775.12
75.2,3,Zona Norte,,347256.62
79.4,3,Subúrbio,9.0,341448.09
49.9,2,Subúrbio,18.0,209734.02
79.4,3,Zona Norte,2.0,437887.36
71.3,2,Centro,23.0,317654.57
89.7,3,Centro,4.0,481750.14
55.2,2,Centro,2.0,300396.6
95.6,3,Zona Sul,57.0,612627.73
126.0,dois,centro ,26.0,890027.04
76.7,3,Subúrbio,15.0,362035.41
92.1,3,Centro,48.0,426086.19
100.7,-1,Zona Norte,14.0,546768.12
68.0,2,Subúrbio,34.0,190362.15
86.7,3,Zona Norte,11.0,489981.48
80.4,3,Subúrbio,40.0,339838.02
82.9,3,Zona Sul,52.0,505098.08
56.8,2,centro ,43.0,216501.72
,3,z. norte,25.0,508581.76
94.9,3,Subúrbio,46.0,348527.79
123.5,três,Centro,33.0,671135.02
108.8,4,Zona Norte,22.0,606228.22
144.6,5,Centro,30.0,765621.73
57.0,2,Subúrbio,49.0,225459.16
106.2,4,Subúrbio,19.0,470027.42
85.5,3,Subúrbio,11.0,361674.41
145.7,5,Zona Sul,22.0,1028626.75
55.8,2,Zona Norte,3.0,300592.73
54.8,2,Zona Norte,22.0,245528.45
62.0,2,Subúrbio,47.0,261373.46
20.0,1,Subúrbio,54.0,14159.27
64.2,2,Zona Sul,47.0,352856.95
57.2,2,Centro,0.0,280249.65
,3,Centro,53.0,323980.03
90.3,3,Zona Norte,24.0,496308.3
136.3,5,Zona Sul,1.0,1037711.57
108.5,4,Subúrbio,29.0,499042.02
62.7,2,Zona Norte,2.0,345993.27
53.0,2,Zona Sul,57.0,275999.36
94.8,3,Centro,20.0,488556.18
40.4,1,Zona Sul,24.0,229257.8
134.9,4,Centro,19.0,759812.53
115.4,4,Zona Sul,48.0,759595.37
65.9,2,Zona Norte,51.0,304465.78
28.6,1,Centro,21.0,118269.62
120.6,4,Zona Norte,20.0,692706.29
76.6,3,Zona Norte,32.0,337676.86
117.1,4,Centro,51.0,552556.72
32.2,1,Centro,37.0,136727.17
62.0,2,Subúrbio,14.0,315793.32
80.2,3,Subúrbio,57.0,293476.24
81.4,3,Subúrbio,57.0,279966.55
66.5,2,Zona Norte,45.0,335010.06
98.7,3,Zona Norte,51.0,486638.44
48.0,2,Subúrbio,14.0,245791.96
75.7,3,Zona Norte,45.0,332432.54
83.6,3,Zona Norte,24.0,478394.4
95.4,3,Centro,20.0,460712.1
101.3,3,Centro,23.0,523597.07
46.3,2,z. norte,56.0,199687.17
34.0,1,Subúrbio,57.0,89086.7
118.3,4,Zona Sul,4.0,897164.75
90.0,3,Subúrbio,5.0,347077.88
57.5,2,Zona Sul,48.0,336675.35
126.5,4,Subúrbio,42.0,555727.5
83.5,3,Centro,47.0,408630.02
115.4,4,Zona Norte,43.0,558124.39
82.0,3,Zona Norte,46.0,431352.99
141.8,5,Centro,22.0,756662.88
,4,Zona Sul,3.0,935711.77
72.5,2,Zona Sul,26.0,444247.92
109.1,4,Zona Sul,17.0,774345.78
99.4,3,Centro,20.0,532298.2
,4,Zona Sul,27.0,800160.15
51.1,2,Centro,34.0,212352.1
100.6,3,Subúrbio,21.0,404291.69
111.8,4,Subúrbio,39.0,435561.28
27.2,1,Centro,22.0,124291.82
44.5,1,Zona Norte,2.0,250347.87
20.0,1,Subúrbio,39.0,55916.21
71.9,três,Zona Sul,49.0,430675.62
101.5,três,Centro,9.0,604261.09
125.1,4,Zona Sul,24.0,882870.13
82.2,3,Zona Sul,51.0,536517.41
128.9,4,Zona Norte,48.0,639853.86
38.6,1,Zona Sul,7.0,291550.4
28.9,1,Zona Norte,54.0,69622.06
78.3,3,Subúrbio,10.0,361677.73
91.5,3,Centro,4.0,470468.81
79.0,3,Zona Sul,57.0,485461.55
20.0,1,Centro,44.0,24738.59
77.3,3,Zona Sul,52.0,507302.66
40.9,1,Centro,54.0,169605.87
100.1,3,Zona Sul,36.0,644387.33
91.0,3,Zona Sul,55.0,623723.91
51.8,2,Zona Sul,58.0,267047.09
64.6,2,Zona Sul,44.0,337635.38
48.2,2,Zona Sul,37.0,269929.82
78.1,3,Zona Sul,28.0,499853.35
108.7,4,Zona Sul,4.0,813840.82
50.4,2,centro ,8.0,327122.53
95.1,3,Zona Sul,58.0,567012.65
64.1,2,Centro,47.0,299397.92
56.2,2,Zona Norte,1.0,323728.45
76.8,3,Zona Sul,0.0,576749.77
,2,Zona Norte,,229993.67
63.4,2,Zona Sul,59.0,337873.38
44.1,1,ZONA SUL,50.0,166801.25
138.9,5,Centro,29.0,739303.62
81.1,3,Subúrbio,10.0,374294.12
59.0,2,Subúrbio,27.0,231524.89
86.4,3,Centro,43.0,439341.64
76.6,3,Zona Norte,11.0,409047.3
73.4,2,Subúrbio,38.0,309713.73
98.4,3,Centro,25.0,437935.47
102.7,3,Centro,12.0,559869.37
64.1,2,Subúrbio,58.0,259206.27
62.7,2,Zona Norte,7.0,388058.22
71.7,2,Centro,53.0,312287.46
20.0,1,Zona Sul,27.0,63564.06
34.5,1,Zona Norte,57.0,148215.53
121.0,4,Zona Norte,29.0,639975.19
129.3,4,Subúrbio,8.0,567027.04
72.5,2,Subúrbio,38.0,249730.04
,3,Zona Sul,30.0,614431.98
89.3,3,Centro,57.0,438103.42
172.4,5,Subúrbio,20.0,765561.84
113.6,4,Subúrbio,55.0,458395.31
76.2,3,Zona Norte,46.0,348890.99
51.3,2,Subúrbio,33.0,165785.18
31.8,1,centro ,54.0,35458.98
86.1,3,Subúrbio,30.0,339599.28
57.3,2,Subúrbio,51.0,169862.3
37.3,1,ZONA SUL,24.0,119382.65
60.6,dois,Zona Sul,11.0,444008.64
47.6,2,Zona Sul,0.0,321526.22
130.6,4,Centro,54.0,681588.93
106.4,4,Subúrbio,21.0,476418.92
79.8,3,Zona Norte,39.0,409134.34
124.4,4,Centro,36.0,697950.89
82.3,3,centro ,46.0,364031.17
54.2,2,Zona Sul,0.0,430262.74
125.7,4,Zona Norte,0.0,699539.33
96.2,3,Zona Norte,56.0,533968.61
48.9,2,Zona Norte,41.0,211489.24
74.3,2,Zona Sul,53.0,415264.71
53.7,2,Zona Sul,41.0,334070.51
38.5,1,Zona Sul,20.0,231086.8
107.8,4,Zona Sul,14.0,754550.73
137.3,5,Zona Sul,16.0,962027.94
38.0,1,Subúrbio,21.0,186718.03
96.9,3,Subúrbio,37.0,356252.46
60.5,2,Zona Norte,34.0,298096.24
65.4,2,Centro,44.0,332616.72
62.2,2,Zona Norte,15.0,361775.76
54.1,2,Centro,7.0,281851.81
81.5,três,Zona Sul,46.0,511576.17
55.1,2,Centro,16.0,279351.68
,3,Zona Norte,16.0,430517.96
78.5,3,Zona Norte,53.0,389089.81
72.8,2,Centro,25.0,367812.9
52.8,2,Subúrbio,999.0,271909.91
62.7,2,Zona Sul,16.0,403633.44
102.7,3,Zona Sul,37.0,705812.19
95.0,3,Zona Norte,16.0,545914.6
50.7,2,Subúrbio,47.0,179705.52
83.0,3,Centro,13.0,390274.0
102.5,3,Zona Sul,44.0,643343.46
29.9,1,Subúrbio,5.0,183247.5
96.3,3,Zona Sul,34.0,646566.91
60.1,2,Subúrbio,45.0,239287.14
97.1,3,Subúrbio,13.0,418196.84
,2,Zona Norte,46.0,249807.84
25.9,1,Zona Sul,7.0,124377.65
31.2,1,Centro,14.0,178710.81
81.4,3,Zona Norte,53.0,420103.18
87.8,3,Zona Norte,26.0,431432.51
52.9,2,Centro,12.0,280986.85
99.2,3,Zona Norte,48.0,474376.63
30.2,1,Subúrbio,30.0,113222.19
78.0,3,Subúrbio,52.0,281339.52
43.7,1,Zona Sul,55.0,230542.07
60.4,2,Zona Sul,34.0,380731.69
81.4,três,Centro,59.0,302127.11
54.2,2,Zona Sul,5.0,407751.0
68.5,2,Subúrbio,4.0,330943.86
110.2,4,Centro,21.0,564882.07
62.7,2,Centro,57.0,280228.03
105.1,4,Zona Sul,48.0,748258.75
46.1,2,Subúrbio,22.0,193397.17
95.9,3,Centro,24.0,537719.49
123.2,4,Subúrbio,33.0,504123.59
20.0,1,Subúrbio,25.0,65461.07
56.1,2,Subúrbio,46.0,195033.93
97.3,3,Zona Sul,4.0,691115.45
,2,centro ,25.0,367611.53
91.1,-1,Zona Norte,19.0,438251.43
61.9,2,Centro,5.0,331975.82
82.6,3,Subúrbio,5.0,412524.97
75.3,3,Zona Sul,58.0,425632.24
115.0,4,Subúrbio,49.0,433349.85
87.6,3,Subúrbio,17.0,379966.87
90.1,3,Zona Sul,3.0,661318.01
67.6,2,z. norte,16.0,365542.4
65.4,2,Subúrbio,56.0,222875.1
67.0,2,Subúrbio,13.0,286648.94
91.8,3,Zona Norte,13.0,489141.28
67.4,2,ZONA SUL,12.0,428234.14
88.7,3,Centro,6.0,492324.47
,5,Zona Norte,43.0,768548.03
106.1,4,Centro,54.0,545120.34
70.2,2,Centro,14.0,317769.21
116.0,4,Zona Norte,18.0,640739.85
67.8,2,Subúrbio,42.0,225847.87
20.0,1,Centro,46.0,92764.92
49.8,2,Centro,43.0,234075.15
23.9,1,Zona Sul,34.0,141784.09
69.5,2,Subúrbio,16.0,291253.43
,3,Centro,34.0,409781.11
130.3,4,Zona Sul,18.0,960680.62
89.8,3,Subúrbio,19.0,413614.52
73.4,2,Zona Norte,35.0,358170.68
104.9,3,Zona Norte,34.0,527420.84
20.0,1,Zona Sul,31.0,44334.76
87.1,3,Zona Norte,57.0,419579.21
103.1,3,Centro,47.0,501346.66
35.6,três,Subúrbio,43.0,123588.33
114.3,4,Centro,39.0,618797.67
90.2,3,Centro,23.0,513262.09
67.5,2,Zona Norte,16.0,363816.6
99.0,3,Centro,6.0,514526.47
148.1,5,Zona Norte,42.0,713124.52
85.5,3,Subúrbio,49.0,306282.95
87.4,3,Subúrbio,0.0,437791.13
66.2,2,Centro,34.0,374800.61
54.5,2,Zona Sul,31.0,338693.33
104.9,3,Zona Norte,35.0,488221.59
54.3,2,Zona Norte,12.0,274135.02
82.1,3,Centro,5.0,497369.11
65.7,2,Zona Norte,57.0,265120.99
94.4,3,Zona Norte,13.0,530020.69
90.0,3,Zona Sul,36.0,597920.86
111.1,4,Zona Sul,47.0,755970.39
64.7,2,Centro,14.0,397037.87
71.9,2,Zona Sul,46.0,447367.83
50.6,2,Centro,3.0,293092.93
66.7,2,Subúrbio,39.0,309736.02
91.3,3,Centro,58.0,440081.64
102.7,3,Subúrbio,15.0,417050.21
52.3,2,Centro,27.0,281799.16
106.1,4,Zona Norte,15.0,601364.55
120.7,dois,Zona Sul,3.0,873262.31
92.4,3,Subúrbio,44.0,349284.61
136.3,5,Centro,25.0,735071.59
56.8,2,Zona Sul,27.0,352504.43
42.7,1,Centro,31.0,178829.0
26.6,1,Zona Sul,,88065.65
124.9,4,Zona Sul,1.0,925363.28
,3,Centro,30.0,522490.89
78.3,3,Subúrbio,2.0,369285.89
88.4,dois,Subúrbio,53.0,336125.15
46.2,2,Zona Norte,7.0,255346.75
153.4,5,Zona Sul,23.0,1125331.81
83.9,3,Zona Norte,14.0,460405.35
83.3,3,Zona Norte,42.0,451322.22
101.8,3,Centro,30.0,493972.51
94.4,3,Centro,8.0,537826.72
86.7,3,Centro,38.0,414541.51
56.3,2,Zona Sul,44.0,315372.92
94.1,3,Centro,1.0,516863.08
136.5,5,Centro,7.0,757565.71
120.4,4,Zona Sul,6.0,860568.77
127.8,4,Zona Sul,55.0,863939.64
64.7,2,Subúrbio,43.0,240416.45
50.3,2,centro ,50.0,223310.94
76.2,3,Centro,38.0,370417.16
,três,Centro,41.0,432566.92
112.8,4,Subúrbio,56.0,458754.67
29.2,1,Centro,15.0,134362.45
125.9,4,Subúrbio,34.0,479217.52
75.3,3,Zona Norte,29.0,399287.71
67.2,2,Subúrbio,,307244.66
,2,Zona Norte,37.0,203318.91
30.4,1,Centro,17.0,137409.66
104.7,3,Zona Norte,49.0,526090.4
82.2,3,Subúrbio,4.0,324870.31
41.3,1,Zona Sul,52.0,173592.06
41.1,1,Zona Norte,28.0,195045.45
69.9,2,centro ,38.0,365782.85
130.1,-1,Centro,59.0,707426.62
72.2,2,Subúrbio,33.0,340008.68
34.9,1,Zona Norte,42.0,135841.64
72.6,2,Zona Norte,44.0,322611.73
71.8,2,Zona Norte,22.0,393785.13
20.0,1,Zona Norte,4.0,97692.21
78.4,3,Zona Sul,29.0,507999.64
73.1,2,Subúrbio,5.0,309129.87
100.9,3,Centro,55.0,469010.76
135.5,5,Centro,57.0,704222.33
113.8,4,Zona Sul,45.0,737858.13
71.9,2,Subúrbio,43.0,270687.02
46.8,2,Zona Norte,3.0,317369.72
,5,Zona Sul,28.0,1100869.38
81.8,3,Subúrbio,22.0,394208.48
80.4,três,Zona Norte,5.0,490651.09
79.3,3,Zona Sul,31.0,550606.82
85.9,3,Subúrbio,41.0,331945.59
,3,Centro,17.0,444061.18
62.8,2,centro ,14.0,325451.45
63.6,2,Subúrbio,39.0,239516.64
79.0,3,Centro,57.0,379492.97
,2,Subúrbio,31.0,249428.0
58.6,2,Zona Norte,8.0,299465.1
83.2,3,Subúrbio,36.0,291758.66
72.4,2,Zona Norte,9.0,417027.41
125.1,4,Zona Sul,19.0,897338.9
20.0,1,Subúrbio,5.0,38381.67
112.7,4,Zona Sul,47.0,722790.22
117.4,4,Centro,55.0,589784.74
20.0,1,Zona Norte,58.0,46277.17
69.7,2,Subúrbio,2.0,262923.88
68.9,2,Zona Sul,41.0,416941.87
37.8,1,Zona Norte,10.0,210062.88
56.7,2,Zona Norte,42.0,249782.14
46.7,2,Centro,16.0,257088.51
132.6,4,Centro,31.0,681714.01
108.1,4,Zona Norte,3.0,643127.65
118.1,4,Zona Norte,3.0,642254.69
101.7,3,Subúrbio,16.0,401138.3
46.1,2,Zona Norte,40.0,211510.04
64.3,2,Subúrbio,18.0,224451.79
94.7,3,Zona Norte,4.0,464252.85
43.3,1,Centro,,222692.89
101.4,3,Subúrbio,21.0,398833.08
72.8,2,ZONA SUL,55.0,377877.0
68.8,2,Centro,5.0,351924.12
101.3,3,Subúrbio,34.0,386815.68
93.3,3,Subúrbio,21.0,391848.25
69.2,2,Zona Sul,0.0,468807.0
114.8,4,Subúrbio,19.0,515265.16
47.6,2,Zona Norte,21.0,265727.52
98.5,3,Zona Sul,47.0,588207.7
97.8,3,Centro,54.0,449422.29
70.7,2,Centro,10.0,362876.32
89.8,3,Zona Norte,12.0,485969.73
42.5,1,Centro,58.0,177813.47
107.7,4,Subúrbio,41.0,479892.64
74.5,2,Subúrbio,2.0,402377.77
64.3,2,Zona Norte,8.0,281510.33
111.5,4,Centro,59.0,521122.51
58.9,2,Centro,11.0,372268.72
37.7,1,Zona Norte,22.0,121709.8
33.3,1,Zona Sul,13.0,270845.26
98.2,3,Centro,32.0,507322.03
,1,ZONA SUL,17.0,268690.26
132.6,4,Centro,48.0,632825.19
20.0,dois,Centro,58.0,19465.1
130.9,4,Centro,,726889.75
86.3,3,ZONA SUL,8.0,478222.13
77.1,3,Subúrbio,22.0,316659.46
63.7,2,Zona Sul,9.0,460362.35
92.0,3,Zona Sul,18.0,634965.01
78.9,3,centro ,46.0,395709.33
113.1,4,Centro,4.0,614003.04
83.4,3,Zona Sul,46.0,528259.81
,3,Subúrbio,51.0,305603.92
69.1,2,Zona Norte,22.0,298339.17
78.3,3,Zona Norte,29.0,422416.89
89.2,3,Zona Sul,24.0,574208.16
28.7,1,ZONA SUL,27.0,118032.51
39.6,1,Centro,33.0,196054.23
102.3,3,Subúrbio,44.0,359457.29
85.1,3,Zona Norte,55.0,421270.34
74.5,2,Subúrbio,47.0,264527.6
80.6,3,Zona Norte,46.0,364769.39
90.4,3,Zona Sul,24.0,679666.13
63.8,2,Zona Norte,9.0,345519.36
56.7,2,Subúrbio,,225960.65
85.9,3,Subúrbio,41.0,318895.04
50.6,2,Subúrbio,56.0,193830.14
92.2,3,Zona Sul,45.0,571497.6
28.9,1,Zona Norte,57.0,101808.0
110.9,4,Zona Norte,29.0,590798.95
,3,Subúrbio,54.0,393397.34
87.7,3,Zona Norte,40.0,407128.28
109.5,4,Centro,24.0,564311.75
130.0,4,Centro,13.0,701891.01
110.4,4,Centro,34.0,575213.51
24.8,1,Zona Norte,51.0,56732.15
,1,Zona Sul,47.0,283775.7
61.3,2,Zona Sul,33.0,447707.79
80.8,3,Zona Sul,9.0,594509.41
95.5,3,Zona Sul,34.0,645152.67
58.2,2,Centro,10.0,309045.46
85.6,3,Centro,,441520.25
57.3,2,Subúrbio,20.0,231891.88
61.7,2,Zona Norte,20.0,341405.86
37.8,1,Zona Norte,21.0,216669.64
52.3,2,Zona Sul,44.0,336040.77
39.4,1,Centro,6.0,162954.08
50.7,2,Zona Sul,54.0,267727.89
111.6,4,Subúrbio,16.0,447170.99
51.5,2,Zona Norte,1.0,331155.47
159.0,5,Zona Norte,11.0,865985.78
94.8,3,Zona Sul,56.0,583583.69
,3,Subúrbio,41.0,355381.84
54.2,2,Zona Norte,17.0,368730.53
101.0,3,Subúrbio,53.0,396485.43
62.7,2,Subúrbio,58.0,206175.33
83.7,3,Zona Sul,10.0,565060.65
156.8,5,Centro,15.0,905271.86
77.1,3,Zona Sul,48.0,480219.23
114.5,4,Centro,50.0,627105.27
58.9,2,Subúrbio,17.0,280387.22
79.0,3,Centro,34.0,389863.04
133.1,4,Subúrbio,,492327.79
61.2,2,Zona Norte,58.0,267132.01
134.4,4,Zona Norte,25.0,695920.18
101.2,3,Zona Norte,15.0,544843.17
63.1,2,Zona Sul,5.0,484040.47
,3,Zona Sul,56.0,562512.05
109.2,4,Subúrbio,43.0,457044.95
98.7,3,Zona Norte,42.0,513059.38
32.9,1,Zona Sul,46.0,174349.5
58.2,2,Zona Norte,46.0,221023.16
72.6,2,Zona Sul,47.0,444663.96
77.8,3,Centro,41.0,423441.08
98.6,3,Centro,11.0,546897.83
85.3,3,Zona Norte,59.0,394684.32
39.9,1,Subúrbio,12.0,195547.07
91.4,3,Zona Sul,3.0,645459.02
98.3,3,Zona Sul,38.0,597069.23
96.8,3,Centro,53.0,458450.63
112.4,4,Centro,1.0,656668.46
105.0,4,Subúrbio,25.0,485238.76
93.8,3,Subúrbio,58.0,369416.69
77.9,3,Subúrbio,26.0,353454.75
30.2,1,Zona Norte,26.0,163215.2
92.9,3,Centro,14.0,493261.42
86.2,3,Zona Norte,7.0,476214.97
88.1,3,Centro,6.0,530351.86
41.7,1,Centro,46.0,123183.0
47.6,2,Zona Sul,54.0,268767.96
111.6,4,Centro,45.0,548971.66
78.8,3,Centro,39.0,428574.58
100.4,3,Zona Norte,59.0,473187.04
80.8,3,Centro,11.0,447975.57
80.9,3,Zona Norte,12.0,498329.82
108.1,4,Subúrbio,42.0,413912.77
64.5,2,Centro,16.0,345067.87
82.9,3,Centro,16.0,445014.33
66.1,2,Zona Norte,55.0,304131.05
67.0,2,Subúrbio,35.0,315740.38
70.7,2,Zona Sul,20.0,454554.19
86.7,3,Subúrbio,7.0,350334.12
65.6,2,Zona Norte,,337907.88
117.7,4,Subúrbio,25.0,497706.19
53.2,2,Zona Norte,15.0,285235.83
74.4,2,Zona Norte,,362905.12
66.8,2,Zona Sul,27.0,487682.27
123.4,4,Centro,53.0,666291.85
85.9,3,Zona Norte,28.0,486571.61
111.0,4,Zona Norte,46.0,641209.84
35.4,1,Zona Sul,11.0,259588.68
88.0,-1,z. norte,,479308.19
,4,Centro,29.0,594087.74
82.5,3,Zona Sul,22.0,590372.54
112.0,4,Centro,15.0,629153.95
64.5,2,Centro,13.0,331001.02
122.3,4,Zona Sul,9.0,843869.4
149.0,5,Zona Norte,6.0,831915.1
69.1,2,Centro,44.0,336547.43
66.6,2,Centro,51.0,298842.48
123.6,4,Centro,59.0,577547.6
127.4,4,Centro,36.0,657959.33
64.3,2,Zona Sul,28.0,408902.21
67.4,2,ZONA SUL,2.0,484292.93
71.5,2,Subúrbio,14.0,316113.31
39.7,1,Subúrbio,35.0,153853.68
52.4,2,Centro,46.0,218200.66
49.9,2,Zona Norte,45.0,251312.52
57.0,2,Centro,51.0,282279.51
79.0,3,Zona Norte,18.0,437406.32
87.0,3,Centro,12.0,497074.72
126.5,4,Subúrbio,41.0,550387.0
50.0,2,Subúrbio,20.0,175268.18
109.5,4,Zona Norte,36.0,605290.3
73.6,2,centro ,26.0,345199.85
78.5,3,centro ,54.0,350799.39
100.2,3,Subúrbio,51.0,393667.01
46.3,2,Centro,28.0,165270.49
91.5,3,centro ,19.0,494130.07
85.0,3,Zona Norte,24.0,478421.26
94.8,3,Zona Sul,5.0,634900.28
88.7,3,Zona Norte,35.0,483545.58
153.7,5,Subúrbio,1.0,672472.39
60.9,2,Subúrbio,21.0,256477.06
64.1,2,Subúrbio,31.0,234473.13
61.3,2,Subúrbio,15.0,276410.69
63.3,2,Subúrbio,17.0,295691.17
60.9,2,Zona Sul,4.0,459319.82
115.7,4,Centro,53.0,578733.05
122.6,4,Zona Norte,35.0,626299.98
62.9,2,Zona Norte,29.0,308809.0
,2,Subúrbio,44.0,218996.48
94.1,3,Zona Norte,18.0,524420.33
63.4,2,Subúrbio,22.0,275858.03
99.0,3,Zona Sul,33.0,618594.38
86.1,3,Zona Sul,12.0,613479.32
34.5,1,Centro,42.0,110635.51
126.4,4,Zona Sul,53.0,842361.38
133.9,4,Zona Sul,28.0,896646.99
61.6,2,Centro,35.0,309143.31
68.4,2,Zona Norte,21.0,341879.13
88.6,3,Subúrbio,51.0,284730.96
90.0,3,Subúrbio,51.0,374863.59
99.8,3,Zona Norte,46.0,489023.02
140.3,5,Centro,35.0,787310.0
74.7,2,Zona Norte,,351498.64
56.1,2,Zona Sul,38.0,333486.4
38.6,1,Centro,50.0,131609.98
58.1,2,Centro,18.0,311466.68
79.0,3,Centro,37.0,359775.33
133.8,4,Subúrbio,5.0,609668.08
64.5,2,Zona Norte,51.0,343208.18
86.7,3,Centro,46.0,438804.31
79.5,3,Centro,14.0,439322.74
115.7,4,Centro,56.0,532935.27
155.8,5,centro ,19.0,827312.48
64.1,2,Subúrbio,8.0,277020.4
65.3,2,Zona Sul,31.0,400216.01
111.3,4,Subúrbio,3.0,536487.0
100.5,3,Centro,49.0,504794.82
135.4,5,Subúrbio,17.0,681976.24
97.5,3,Subúrbio,4.0,403845.63
69.2,2,Zona Sul,19.0,465881.48
97.7,3,Zona Norte,22.0,474093.45
113.3,4,Zona Norte,10.0,564632.31
104.6,3,Subúrbio,36.0,444939.49
95.2,3,Subúrbio,21.0,418571.35
112.0,4,centro ,57.0,528863.49
115.1,4,centro ,3.0,653685.23
121.5,4,Zona Sul,,820042.98
99.5,3,Centro,43.0,477980.26
75.0,2,Subúrbio,33.0,282737.29
84.4,3,ZONA SUL,12.0,437110.1
116.2,4,Subúrbio,41.0,458081.58
55.5,2,Subúrbio,8.0,223714.66
91.1,3,Zona Norte,41.0,466487.36
68.2,2,Zona Sul,30.0,353572.33
80.9,3,Subúrbio,6.0,357420.5
118.4,4,Zona Sul,3.0,834817.66
85.7,3,Zona Norte,18.0,430118.28
81.4,3,Centro,,389695.88
39.2,1,Centro,29.0,172091.39
102.4,3,Subúrbio,30.0,415118.07
99.4,3,Zona Norte,34.0,473900.81
144.9,5,Zona Sul,56.0,984285.57
70.8,2,Subúrbio,20.0,263988.49
86.6,3,Zona Norte,30.0,425831.36
87.5,3,Zona Norte,18.0,478942.31
127.3,4,Zona Sul,30.0,882714.45
,3,z. norte,52.0,275813.55
88.4,3,Zona Norte,31.0,367268.37
98.2,3,Zona Norte,1.0,523119.75
85.6,3,Zona Norte,58.0,405848.01
66.6,2,z. norte,51.0,406153.69
85.8,dois,Subúrbio,9.0,378111.9
112.2,4,Subúrbio,1.0,497266.23
49.2,2,Subúrbio,1.0,296414.49
84.0,3,Subúrbio,59.0,301981.78
,2,Centro,23.0,318848.86
115.9,4,Centro,16.0,595205.43
34.3,1,Subúrbio,31.0,83312.54
63.2,2,Zona Sul,15.0,453180.01
,3,Centro,15.0,525418.62
127.0,4,Zona Norte,45.0,635637.1
78.0,3,Centro,38.0,337678.39
63.3,2,Zona Norte,52.0,273693.35
136.4,5,Subúrbio,30.0,595421.03
36.6,1,Centro,42.0,142762.46
20.0,1,Zona Sul,23.0,94248.31
93.2,3,Centro,0.0,521415.64
64.9,2,Centro,10.0,327198.56
,2,Centro,54.0,172459.93
101.3,3,Subúrbio,20.0,451672.83
87.3,3,Zona Sul,3.0,642625.09
63.1,2,Centro,6.0,341867.7
41.6,1,Zona Sul,25.0,232376.21
106.2,4,Subúrbio,46.0,428089.67
99.5,3,Zona Norte,49.0,488839.67
77.0,3,Centro,11.0,480484.07
135.4,três,Zona Sul,30.0,971230.32
47.9,2,Zona Sul,16.0,312144.2
34.2,1,Subúrbio,32.0,94864.07
59.2,2,Centro,10.0,296863.36
78.6,3,Zona Norte,27.0,406646.48
87.3,3,Zona Sul,31.0,560627.65
72.8,2,Centro,0.0,418059.3
90.6,3,Zona Norte,46.0,364502.82
42.5,1,Zona Sul,27.0,265354.86
123.3,4,Zona Sul,52.0,812395.42
77.5,3,Zona Norte,41.0,424059.6
,4,Zona Norte,6.0,664898.06
90.3,3,Subúrbio,1.0,387416.11
93.7,3,Centro,41.0,489941.93
97.1,3,Centro,23.0,505923.07
93.4,3,Subúrbio,3.0,360095.82
99.3,3,Zona Sul,43.0,644245.9
,4,Zona Norte,18.0,633645.28
85.9,3,Zona Norte,25.0,451984.82
101.3,3,Zona Norte,10.0,600894.06
77.3,3,Zona Sul,39.0,511195.15
123.2,4,Zona Norte,49.0,591997.54
59.7,2,Zona Norte,42.0,304473.6
134.0,4,z. norte,10.0,598989.13
78.8,3,Zona Sul,44.0,470314.34
,1,Centro,2.0,154196.6
83.8,3,Subúrbio,11.0,340852.4
59.6,2,Subúrbio,2.0,292962.86
105.2,4,ZONA SUL,41.0,535548.47
60.4,2,Subúrbio,26.0,244919.4
66.6,2,Zona Sul,48.0,351238.34
23.3,1,Zona Norte,53.0,82965.46
66.4,2,Zona Sul,1.0,421394.76
20.0,1,Centro,48.0,28338.67
32.5,1,Centro,15.0,172468.49
102.8,3,Subúrbio,1.0,424370.82
103.6,3,Zona Sul,59.0,654604.91
92.8,3,Zona Sul,53.0,551538.41
51.0,2,Centro,29.0,214671.46
78.6,3,Zona Sul,19.0,590240.75
79.9,3,Centro,37.0,408577.52
45.2,2,Zona Sul,27.0,309039.97
125.1,4,Zona Sul,24.0,900908.96
106.3,4,Zona Sul,31.0,656056.68
73.4,2,Centro,9.0,412398.85
80.8,3,Subúrbio,59.0,277595.55
86.3,3,Zona Sul,41.0,539806.46
20.0,1,Centro,39.0,74623.23
72.6,2,Centro,32.0,344032.17
59.5,2,Zona Sul,12.0,433448.7
50.0,2,Zona Sul,55.0,268208.81
71.6,2,Subúrbio,40.0,275314.24
133.9,4,Centro,53.0,655446.33
99.2,3,Centro,41.0,462678.43
62.9,2,Zona Norte,46.0,263113.62
97.2,3,Centro,36.0,488802.69
122.0,4,Subúrbio,53.0,543439.8
107.7,4,Zona Norte,15.0,640352.24
81.8,3,Zona Norte,44.0,383345.68
60.6,2,Zona Norte,21.0,313267.21
100.9,3,Zona Sul,56.0,616321.86
91.8,3,Zona Sul,19.0,641587.65
106.9,4,Centro,49.0,548546.37
99.1,3,Zona Norte,,508101.22
111.5,4,Subúrbio,26.0,391712.16
63.9,2,Zona Sul,40.0,400624.09
119.5,4,Subúrbio,15.0,512119.66
85.9,3,Subúrbio,33.0,330963.82
142.3,5,Zona Sul,31.0,1018053.57
59.3,2,Zona Sul,25.0,432863.11
132.1,4,Zona Sul,24.0,936383.04
,3,Zona Sul,1.0,619086.05
60.5,2,Zona Norte,11.0,293507.13
65.5,2,Zona Norte,39.0,218729.79
70.4,2,Zona Norte,8.0,385423.38
92.7,3,Zona Norte,11.0,524495.38
95.7,3,Centro,25.0,497869.42
62.8,2,Zona Norte,8.0,369957.39
79.3,3,Zona Sul,9.0,536095.15
144.3,5,Subúrbio,31.0,614735.27
131.8,4,Zona Norte,56.0,647622.45
93.1,3,Centro,33.0,472645.29
81.1,3,Zona Sul,47.0,548798.63
83.6,3,Subúrbio,19.0,356458.49
98.4,3,Subúrbio,38.0,387178.38
49.3,2,Zona Norte,59.0,169980.31
72.3,2,z. norte,1.0,359772.2
29.9,1,Zona Norte,0.0,126776.5
92.0,3,Zona Norte,50.0,428293.49
99.4,3,Zona Sul,59.0,659971.32
65.5,2,Zona Sul,35.0,423575.94
127.2,4,Centro,23.0,680992.71
43.2,1,Zona Sul,53.0,204276.46
36.1,1,Zona Sul,26.0,181355.56
86.7,3,Zona Norte,1.0,490111.96
111.4,4,Zona Sul,30.0,759188.19
130.5,4,Zona Norte,56.0,653978.01
66.2,2,Zona Norte,13.0,306480.12
112.4,4,Zona Sul,1.0,844328.32
78.8,3,Centro,999.0,442722.62
74.8,2,Centro,14.0,386991.21
106.5,4,Subúrbio,11.0,496252.14
99.6,3,Subúrbio,36.0,412389.13
32.7,1,Zona Sul,27.0,167721.33
124.3,4,Centro,19.0,641225.28
,4,Zona Norte,38.0,602462.05
61.2,2,Subúrbio,23.0,258119.25
91.9,3,Zona Norte,20.0,487686.18
94.8,3,Subúrbio,9.0,454736.41
87.8,3,Zona Sul,45.0,584807.49
63.5,2,Centro,13.0,361617.78
59.9,2,Subúrbio,36.0,236097.62
79.2,3,Centro,17.0,401800.92
115.2,4,Zona Norte,23.0,631169.53
96.3,3,Zona Sul,13.0,680567.63
68.9,-1,z. norte,33.0,300756.41
103.2,3,Zona Sul,57.0,673629.73
20.0,1,Centro,11.0,136568.68
114.5,4,Zona Norte,21.0,586490.38
27.8,1,Zona Norte,55.0,57409.09
,2,Zona Sul,5.0,475075.51
46.4,2,Zona Norte,35.0,237845.06
41.2,1,Subúrbio,44.0,142679.98
114.8,4,Centro,35.0,602956.23
66.0,2,Zona Norte,21.0,346560.54
90.4,3,Subúrbio,13.0,355351.5
78.6,3,Zona Sul,15.0,571041.33
94.3,3,Subúrbio,35.0,380218.34
82.3,3,Zona Sul,55.0,485358.97
41.5,1,Zona Sul,24.0,203041.33
109.9,4,Centro,31.0,583748.86
65.2,2,Centro,32.0,328645.31
33.3,1,Subúrbio,44.0,45335.72
,2,centro ,35.0,323837.31
125.0,4,Centro,19.0,680281.16
105.5,4,Centro,17.0,565406.38
69.5,2,Subúrbio,37.0,277156.89
69.5,2,Zona Norte,2.0,380631.47
70.4,2,Centro,22.0,367249.87
142.3,5,Centro,31.0,781039.61
91.5,3,Subúrbio,44.0,377076.46
92.9,3,Zona Norte,58.0,468010.86
110.9,4,Centro,15.0,622192.27
87.2,três,Zona Sul,58.0,517152.66
72.2,2,Subúrbio,4.0,296681.24
74.1,2,Centro,3.0,374148.26
77.9,três,Centro,20.0,423795.2
78.9,3,Zona Sul,39.0,554331.02
101.8,3,Zona Sul,50.0,631634.18
81.6,3,Subúrbio,13.0,372121.75
102.0,3,Subúrbio,38.0,387748.41
77.6,3,Zona Sul,30.0,529604.41
82.4,3,Subúrbio,13.0,399616.64
20.1,1,ZONA SUL,5.0,167188.31
107.5,4,Centro,11.0,553824.79
90.4,3,Zona Sul,15.0,653436.1
109.9,4,Zona Sul,16.0,805898.74
20.0,1,Zona Norte,44.0,59204.61
142.7,5,Zona Sul,22.0,1034358.73
75.8,3,Zona Sul,13.0,520424.96
113.2,4,Zona Norte,6.0,639125.32
48.8,2,Subúrbio,45.0,206516.51
98.4,3,Zona Norte,31.0,536014.57
48.4,2,Centro,14.0,277429.01
61.3,2,Zona Norte,43.0,255444.8
137.4,5,Centro,16.0,731890.79
74.3,2,z. norte,40.0,284554.42
86.5,3,Zona Norte,53.0,418538.16
106.1,4,Zona Norte,46.0,538499.01
94.9,3,ZONA SUL,43.0,351738.28
84.5,3,Centro,33.0,446171.67
90.9,dois,Zona Norte,4.0,512049.11
152.1,5,Centro,44.0,803207.07
78.3,3,Zona Norte,26.0,430160.19
86.0,3,Zona Sul,51.0,529554.82
111.5,4,Zona Norte,22.0,589935.41
113.2,4,Subúrbio,39.0,503090.07
115.6,4,Subúrbio,58.0,434122.88
99.2,3,Centro,13.0,522234.31
45.7,2,Zona Norte,14.0,284576.7
129.0,4,Centro,42.0,645604.0
45.6,2,Centro,32.0,217089.66
89.1,3,Zona Sul,52.0,543254.82
57.4,2,Zona Sul,30.0,312919.56
78.1,3,Subúrbio,34.0,315804.17
89.9,3,Centro,16.0,454995.71
89.6,3,Subúrbio,27.0,381800.28
92.7,3,Zona Norte,18.0,529457.27
128.4,4,Centro,45.0,588131.48
93.6,3,Centro,53.0,436322.64
72.7,2,Zona Norte,22.0,383946.2
108.9,4,Zona Norte,31.0,512612.61
115.7,4,Subúrbio,39.0,520024.42
43.2,1,Subúrbio,12.0,185683.82
97.9,3,ZONA SUL,58.0,495106.4
101.0,3,Subúrbio,,412422.29
71.1,2,Zona Norte,34.0,331065.85
,4,centro ,4.0,675527.93
75.5,3,Centro,8.0,489637.93
83.8,3,centro ,28.0,607430.57
74.8,2,Centro,5.0,410509.66
80.5,3,Zona Norte,24.0,433968.91
47.1,2,Subúrbio,30.0,203494.1
36.8,1,Zona Sul,21.0,295986.72
127.8,4,Subúrbio,1.0,585622.2
54.6,2,Zona Norte,44.0,248334.58
50.3,2,Centro,4.0,275133.2
20.0,1,Zona Sul,59.0,47997.46
60.8,2,Zona Norte,26.0,287545.08
40.3,1,Zona Sul,24.0,256080.26
129.3,4,Zona Sul,7.0,887565.06
110.3,4,Centro,54.0,542657.55
59.4,2,Zona Norte,0.0,358816.43
147.6,5,Subúrbio,19.0,658566.01
,4,Zona Sul,43.0,717715.53
70.3,2,Zona Sul,22.0,458797.14
20.0,1,Subúrbio,31.0,89860.04
148.7,5,Zona Norte,999.0,792329.34
38.3,1,Zona Sul,38.0,164795.56
30.6,1,Zona Sul,46.0,107558.23
110.7,4,Zona Sul,53.0,719730.9
153.2,5,Zona Norte,23.0,790760.72
121.5,4,Zona Norte,10.0,701230.97
96.9,3,Subúrbio,28.0,374340.32
97.8,3,Zona Norte,53.0,476443.82
105.6,4,Zona Norte,25.0,553140.14
102.8,3,Centro,15.0,549374.38
88.4,3,Subúrbio,34.0,312842.59
83.1,3,Zona Sul,19.0,611308.7
78.1,3,Zona Norte,45.0,354266.09
57.4,2,Zona Sul,2.0,389090.4
71.6,2,Zona Sul,0.0,588638.63
29.2,1,Centro,57.0,97185.7
77.0,3,Zona Norte,52.0,396121.55
50.3,2,Subúrbio,46.0,191935.81
46.9,2,Zona Norte,0.0,260887.19
85.4,3,Zona Sul,16.0,562673.86
121.8,4,Subúrbio,1.0,540875.66
107.5,4,Zona Norte,28.0,546402.71
32.9,1,Zona Sul,19.0,175158.93
50.3,-1,Zona Sul,5.0,321776.89
108.2,4,Centro,7.0,614049.96
50.5,2,Centro,28.0,297829.26
73.3,2,Centro,47.0,352549.13
96.5,3,Zona Sul,50.0,604586.45
50.9,2,Zona Norte,32.0,245531.18
83.2,3,Centro,2.0,381373.01
40.0,1,Zona Norte,59.0,118681.11
62.0,2,Centro,34.0,255994.58
89.6,3,Subúrbio,4.0,405606.21
32.2,1,Subúrbio,26.0,105841.47
93.2,3,Centro,43.0,435492.07
79.4,3,Zona Sul,11.0,576077.53
96.6,3,Centro,19.0,517471.87
86.7,3,Centro,44.0,473145.84
120.9,4,Zona Sul,19.0,873549.91
83.8,3,Subúrbio,8.0,379936.12
67.1,2,Zona Norte,38.0,290163.73
83.7,3,Centro,3.0,441641.45
96.3,3,Zona Sul,50.0,624408.56
81.5,3,Centro,53.0,381826.93
81.2,3,Zona Sul,18.0,578296.35
58.9,2,Zona Norte,37.0,308541.26
60.1,2,Zona Norte,,256170.7
37.9,1,Subúrbio,44.0,156798.43
132.5,4,Zona Sul,42.0,912348.92
42.7,1,Zona Sul,12.0,218413.46
59.2,2,Subúrbio,12.0,325044.15
58.4,2,Subúrbio,59.0,204632.42
106.8,4,Zona Sul,56.0,674954.1
71.2,2,Subúrbio,21.0,306977.91
117.4,4,Zona Norte,27.0,597337.07
59.8,2,Centro,51.0,278860.26
88.4,3,Zona Norte,46.0,409044.23
54.9,2,Subúrbio,52.0,249969.14
144.4,5,Zona Sul,44.0,984307.09
44.4,1,Zona Sul,21.0,292963.0
,3,ZONA SUL,42.0,419891.15
99.0,3,Zona Sul,18.0,710981.37
92.4,3,Subúrbio,7.0,408878.49
74.4,2,Zona Norte,51.0,293351.3
76.1,3,Zona Sul,7.0,551872.08
81.3,3,Centro,41.0,463005.05
75.6,3,Centro,25.0,426219.01
108.9,4,Subúrbio,47.0,431896.24
146.3,5,Zona Sul,50.0,927477.01
63.3,2,Subúrbio,25.0,230126.25
38.9,1,Zona Norte,999.0,139335.33
,3,Centro,42.0,328407.45
157.4,5,Zona Norte,12.0,892524.13
55.9,2,Zona Sul,27.0,364505.08
129.2,4,Subúrbio,8.0,624947.27
130.3,4,Subúrbio,19.0,532594.84
63.4,2,z. norte,55.0,219500.98
97.1,3,Zona Norte,18.0,476522.23
128.9,4,Centro,47.0,635913.29
68.6,2,Zona Norte,38.0,319467.54
73.9,2,Zona Norte,50.0,323223.33
62.5,2,Zona Sul,11.0,438728.44
49.6,2,Zona Sul,14.0,375970.72
60.5,2,Zona Sul,30.0,412883.41
43.3,1,Centro,54.0,132328.92
81.0,3,Centro,13.0,444701.9
56.9,2,Zona Sul,10.0,426178.11
87.0,3,Zona Sul,25.0,625910.35
33.3,1,Centro,41.0,105280.95
89.9,3,Subúrbio,26.0,397750.56
105.0,4,Centro,10.0,599963.74
20.2,1,ZONA SUL,37.0,33459.98
91.2,3,Centro,,490613.22
116.8,4,Zona Sul,42.0,786041.75
43.7,1,Subúrbio,18.0,117001.36
130.2,4,Centro,5.0,714570.25
92.6,3,Zona Sul,45.0,593154.43
58.8,2,ZONA SUL,51.0,239573.49
78.3,3,Zona Norte,37.0,432981.49
96.7,3,Centro,48.0,509683.09
82.3,3,Zona Norte,41.0,398426.1
96.2,3,Subúrbio,27.0,385483.95
52.4,2,Zona Norte,,297961.92
,3,Zona Norte,34.0,428401.71
37.6,1,Subúrbio,39.0,101779.2
76.7,3,Centro,7.0,321552.19
52.9,2,Centro,58.0,270058.21
57.9,2,Subúrbio,51.0,202548.95
117.1,4,Subúrbio,53.0,463381.88
112.7,4,centro ,46.0,469512.29
98.3,3,Zona Norte,55.0,466468.99
47.2,2,z. norte,6.0,200812.99
70.5,2,Zona Sul,10.0,460630.97
116.4,4,Zona Norte,38.0,549806.27
84.3,3,Centro,3.0,436126.17
149.6,5,Centro,24.0,778399.21
,3,Centro,11.0,522025.34
85.8,3,Zona Norte,25.0,473046.06
70.7,2,Zona Sul,37.0,413118.32
84.0,3,Subúrbio,45.0,250115.28
75.4,3,Subúrbio,11.0,336777.24
101.2,3,Centro,42.0,490570.04
108.7,4,Centro,50.0,535117.47
56.4,2,Zona Norte,52.0,272779.71
40.1,1,Zona Sul,36.0,220369.15
24.9,1,Subúrbio,45.0,32363.97
95.2,3,Zona Norte,52.0,422006.31
46.9,2,Subúrbio,23.0,184117.67
20.0,1,Centro,15.0,70307.62
91.7,3,Subúrbio,56.0,345257.5
154.8,5,Zona Sul,12.0,1143519.17
79.8,3,Zona Sul,24.0,508622.7
105.2,4,Centro,53.0,528907.0
82.5,3,Zona Sul,53.0,538058.22
77.0,3,Zona Sul,56.0,466930.9
107.6,4,Zona Norte,51.0,563008.9
71.3,2,Subúrbio,53.0,244948.88
88.0,3,Centro,3.0,500733.69
89.7,-1,Centro,10.0,506478.22
60.0,2,Centro,31.0,276126.36
109.8,4,Centro,48.0,616526.63
74.8,2,Centro,6.0,422083.44
57.3,2,Zona Sul,45.0,375969.26
96.1,3,Zona Norte,57.0,487107.19
53.0,2,Centro,10.0,300048.48
80.8,3,Zona Norte,27.0,465300.86
79.7,3,centro ,53.0,384769.59
112.6,4,Zona Sul,40.0,735856.38
94.2,3,Centro,22.0,498649.31
79.2,3,Zona Sul,44.0,477134.74
104.5,3,Centro,22.0,486613.82
121.7,4,z. norte,49.0,773964.2
96.7,3,Zona Norte,27.0,505357.99
80.3,3,Centro,42.0,430410.64
40.6,1,Subúrbio,46.0,97714.08
48.0,2,Zona Norte,56.0,226537.82
70.8,2,Subúrbio,25.0,249052.55
61.7,2,Zona Norte,24.0,284987.5
74.4,2,Zona Sul,53.0,475665.29
81.7,3,Centro,28.0,427926.12
95.9,3,Zona Norte,18.0,507245.25
77.9,3,Zona Sul,32.0,528911.14
94.6,dois,Centro,35.0,444283.15
81.9,3,Centro,13.0,440245.72
20.7,1,Zona Norte,13.0,104259.85
51.8,2,Centro,34.0,285041.12
75.7,dois,Zona Norte,29.0,344774.35
43.7,1,Centro,27.0,250935.5
98.0,3,Subúrbio,16.0,417052.02
125.9,4,Zona Sul,2.0,885279.72
116.6,4,Subúrbio,15.0,473502.38
73.6,2,Zona Norte,45.0,348678.05
124.7,4,Subúrbio,29.0,487670.85
84.5,3,Zona Norte,51.0,388996.41
69.9,2,Centro,28.0,339940.01
,2,Centro,44.0,316299.87
,2,Zona Norte,14.0,404183.15
68.4,2,Subúrbio,45.0,232129.01
85.1,3,Centro,55.0,396681.94
84.8,3,Zona Sul,24.0,534650.38
80.1,3,Centro,50.0,324284.04
93.1,3,Zona Sul,37.0,574181.37
115.7,4,Subúrbio,41.0,511370.47
108.5,4,Zona Sul,,719465.48
35.5,1,Zona Sul,46.0,178247.98
20.0,1,Zona Sul,52.0,10871.27
108.0,4,Zona Sul,53.0,681492.6
39.0,1,Centro,51.0,112733.56
73.3,2,Zona Sul,57.0,412040.8
44.9,1,Centro,37.0,182111.44
25.9,1,Zona Sul,22.0,121655.11
96.2,3,Zona Norte,24.0,515695.91
102.8,3,Subúrbio,41.0,416767.01
62.7,2,Zona Sul,6.0,426015.78
20.0,1,Zona Norte,21.0,97628.35
63.6,2,Zona Sul,16.0,468010.89
91.8,3,Zona Sul,17.0,684093.6
,1,Zona Sul,48.0,178732.11
85.5,3,Zona Norte,40.0,441342.03
79.5,3,Subúrbio,9.0,348158.65
97.4,3,Zona Norte,9.0,564285.11
83.6,3,Subúrbio,56.0,283039.1
50.8,2,Zona Sul,6.0,397967.06
115.9,4,Centro,47.0,580357.58
75.2,3,Zona Sul,49.0,516264.84
79.2,3,Subúrbio,999.0,337969.65
52.0,2,Zona Norte,26.0,258973.82
,dois,Zona Sul,51.0,379015.33
53.5,2,Zona Norte,32.0,275047.98
74.8,2,Zona Norte,0.0,428371.82
,4,Zona Norte,43.0,660305.98
38.8,1,Zona Sul,52.0,179834.35
31.6,1,Zona Norte,59.0,116357.49
124.1,4,Zona Norte,33.0,610274.86
,2,Zona Sul,3.0,547108.23
59.9,2,Zona Norte,16.0,331275.53
111.2,4,Zona Sul,3.0,856530.84
61.8,2,Subúrbio,42.0,207456.52
134.8,4,Subúrbio,53.0,539692.65
100.3,3,Subúrbio,25.0,425503.16
65.4,2,Zona Norte,3.0,384477.18
144.7,5,z. norte,,836469.74
61.8,2,Centro,6.0,302956.11
102.3,3,Zona Norte,29.0,536545.63
89.0,3,Centro,49.0,491520.75
119.1,4,Zona Sul,8.0,880592.28
126.8,4,Centro,34.0,712368.09
81.0,3,Zona Norte,7.0,485592.46
57.4,2,Zona Norte,23.0,333359.38
93.8,3,Zona Sul,18.0,661893.63
59.7,2,ZONA SUL,35.0,244329.51
,5,Zona Norte,49.0,736173.62
84.1,3,Zona Sul,51.0,525304.62
69.0,2,Centro,58.0,320467.62
85.5,3,Centro,42.0,409071.99
39.6,1,Zona Sul,26.0,289171.84
50.9,2,Zona Sul,31.0,294244.87
116.0,4,Zona Norte,13.0,664903.73
60.3,2,z. norte,,298826.0
48.6,2,Zona Sul,17.0,329403.71
96.1,3,Centro,27.0,466608.59
115.6,4,Zona Sul,59.0,774828.2
101.6,3,Centro,28.0,531944.86
109.9,três,Subúrbio,15.0,509925.2
57.3,2,Zona Norte,34.0,272197.1
37.3,-1,Centro,46.0,189686.14
125.0,4,Subúrbio,58.0,431049.8
70.3,2,z. norte,58.0,315883.35
72.5,2,Centro,30.0,397627.53
119.8,4,Subúrbio,3.0,542943.47
96.7,3,Centro,36.0,498505.26
93.7,3,Centro,16.0,491362.81
145.0,5,Zona Norte,38.0,768371.01
60.7,2,Subúrbio,47.0,168222.11
,4,Subúrbio,45.0,419787.88
81.7,3,Zona Sul,25.0,536764.91
88.1,3,Centro,47.0,449862.56
125.9,4,Zona Norte,38.0,635129.17
95.2,3,Centro,40.0,459901.1
96.1,3,Centro,3.0,524906.71
112.2,4,Zona Sul,29.0,754129.59
69.1,2,Centro,29.0,349827.76
54.8,2,Zona Norte,21.0,293947.49
48.7,2,Zona Norte,10.0,293029.18
21.0,1,Zona Sul,1.0,180192.97
141.7,5,Centro,43.0,760513.8
46.9,2,Zona Norte,11.0,248149.7
73.4,2,Centro,29.0,351518.84
71.7,2,centro ,35.0,319841.67
89.2,3,Centro,17.0,453933.69
104.5,3,Zona Sul,25.0,714146.6
105.8,4,Centro,52.0,509488.54
62.5,2,Zona Norte,6.0,387588.11
,2,Centro,0.0,413806.72
88.5,3,Zona Norte,57.0,461928.7
72.5,2,Centro,25.0,382349.34
128.2,4,Zona Norte,22.0,664784.74
94.7,3,Zona Norte,25.0,494284.86
102.0,3,Centro,44.0,454028.1
99.9,3,Centro,5.0,557644.95
115.2,4,Zona Norte,5.0,627948.03
85.4,3,Subúrbio,43.0,304718.85
41.1,1,Zona Sul,7.0,325132.17
92.0,3,Subúrbio,23.0,419280.19
60.5,2,Subúrbio,21.0,278728.34
64.1,2,Centro,18.0,357170.84
,3,Zona Sul,36.0,605094.31
117.1,4,Subúrbio,17.0,500179.58
80.6,3,Centro,30.0,408005.63
89.3,3,Subúrbio,36.0,310567.85
131.1,4,Subúrbio,29.0,536755.76
87.2,3,Centro,56.0,395730.04
158.1,5,Centro,41.0,832532.44
97.0,3,Centro,32.0,572798.07
27.2,1,Zona Sul,9.0,184474.37
102.6,3,Subúrbio,36.0,418996.43
91.4,3,Centro,11.0,493167.45
118.7,4,Zona Norte,53.0,616094.3
100.2,3,Subúrbio,29.0,381764.25
75.8,3,Zona Norte,26.0,457112.73
43.3,1,Zona Sul,38.0,229437.07
73.7,2,Centro,8.0,384790.82
54.5,2,ZONA SUL,53.0,262023.04
62.6,2,Zona Sul,20.0,393070.25
97.7,3,Centro,11.0,553364.29
130.1,4,Zona Norte,54.0,691640.78
91.8,3,Zona Norte,28.0,469960.45
44.1,dois,Zona Sul,32.0,311988.05
93.3,três,Centro,42.0,483019.15
115.9,4,Centro,52.0,601195.55
61.7,2,Zona Norte,14.0,368508.52
76.0,3,centro ,1.0,487319.47
80.4,três,Zona Norte,,393558.4
,2,Centro,38.0,289172.42
99.4,3,Zona Sul,52.0,664904.93
76.4,3,Zona Sul,43.0,455710.78
92.6,3,Centro,53.0,391544.79
53.4,2,Subúrbio,17.0,223374.32
66.9,2,Zona Sul,2.0,430190.89
101.7,3,Zona Norte,6.0,549937.35
68.8,2,Subúrbio,42.0,266291.23
131.8,4,Subúrbio,17.0,562566.5
68.0,2,Zona Sul,43.0,405973.15
86.7,3,Subúrbio,37.0,320512.17
108.0,4,Subúrbio,36.0,476355.21
37.4,1,Zona Sul,57.0,126364.78
,1,Zona Sul,32.0,77155.23
34.2,1,Subúrbio,43.0,95101.08
117.9,4,Zona Norte,58.0,609838.21
63.4,2,Centro,30.0,314616.2
156.7,5,Subúrbio,57.0,603640.0
63.1,2,Subúrbio,10.0,275348.82
85.5,3,Zona Norte,3.0,496331.81
126.3,4,Subúrbio,58.0,502162.7
140.2,5,Subúrbio,17.0,612393.62
141.8,5,ZONA SUL,3.0,819306.7
116.3,4,Centro,48.0,537102.13
110.7,4,Centro,33.0,557290.72
97.8,3,Zona Sul,28.0,619786.51
103.4,3,Zona Sul,23.0,745382.0
63.5,2,Centro,21.0,347183.09
55.5,2,ZONA SUL,1.0,321323.92
79.9,3,Zona Sul,43.0,469973.33
74.9,2,Zona Norte,5.0,429296.74
66.4,2,Subúrbio,41.0,290008.84
100.9,3,Subúrbio,24.0,439911.34
108.7,4,Centro,54.0,541240.46
82.7,3,Zona Norte,56.0,408212.57
124.3,4,Zona Sul,20.0,881305.85
45.7,2,Centro,54.0,215528.92
74.2,2,Zona Norte,58.0,351061.65
58.5,2,Zona Norte,15.0,303344.69
24.0,-1,Zona Norte,30.0,75200.27
77.5,3,Zona Sul,13.0,544532.58
76.3,3,Zona Sul,38.0,516234.75
,4,Subúrbio,27.0,523030.78
98.9,3,Subúrbio,31.0,383981.51
49.3,2,Zona Norte,27.0,245843.38
135.6,5,Zona Norte,50.0,736337.59
116.6,4,Zona Sul,54.0,760854.81
97.5,3,Subúrbio,48.0,371965.18
73.2,2,Zona Norte,8.0,403640.34
51.2,2,ZONA SUL,57.0,170988.47
68.8,2,Subúrbio,,196526.08
,4,Zona Norte,21.0,632715.07
136.5,5,Zona Sul,31.0,969268.08
126.3,4,Zona Norte,999.0,705971.68
,2,Zona Norte,22.0,365543.29
46.4,2,Subúrbio,4.0,249235.89
84.2,3,Zona Norte,41.0,443596.0
26.9,1,Zona Sul,52.0,74245.3
89.7,3,Zona Norte,31.0,437503.82
75.6,3,ZONA SUL,58.0,489637.56
66.0,2,Zona Sul,9.0,407256.16
32.2,1,Subúrbio,58.0,70570.21
95.4,3,Centro,38.0,493234.79
64.0,2,Centro,57.0,222082.64
44.9,1,Subúrbio,14.0,185840.28
20.0,1,Zona Norte,6.0,139632.87
79.2,3,Subúrbio,28.0,286530.93
133.2,4,Zona Sul,58.0,906234.17
129.8,4,Centro,46.0,629893.98
66.3,2,Subúrbio,,311990.54
61.9,2,Zona Norte,18.0,320160.3
94.1,3,Subúrbio,9.0,415538.38
50.0,2,Centro,27.0,211237.33
89.1,3,Subúrbio,28.0,408429.22
103.0,3,Subúrbio,14.0,452906.14
116.8,4,Centro,34.0,661665.19
77.0,3,Zona Sul,5.0,530997.44
73.9,2,Zona Sul,11.0,505396.58
53.7,2,Centro,46.0,245588.49
55.2,2,Subúrbio,37.0,210185.85
73.2,2,Centro,12.0,408031.73
,3,Zona Sul,28.0,609218.72
107.4,4,Zona Norte,18.0,653698.48
55.9,2,Subúrbio,2.0,254413.8
124.8,três,Zona Sul,7.0,814899.64
71.9,2,Subúrbio,,313591.2
,3,Centro,54.0,413638.83
57.6,três,Zona Norte,57.0,214719.07
20.0,três,Centro,19.0,61897.34
106.5,4,Zona Norte,46.0,518395.12
102.1,3,Subúrbio,3.0,420526.96
71.6,2,Subúrbio,50.0,243858.64
82.0,3,z. norte,20.0,467327.52
95.5,3,Zona Norte,2.0,580180.86
33.1,1,Zona Norte,44.0,46890.61
64.1,2,Subúrbio,7.0,268760.04
103.8,3,Centro,22.0,555220.64
42.4,1,Zona Norte,15.0,215436.94
88.8,3,centro ,12.0,445825.14
39.3,1,Zona Sul,2.0,217245.73
94.0,3,Centro,47.0,381792.58
78.9,3,Zona Sul,8.0,637316.29
31.5,1,Centro,59.0,111833.24
114.9,4,Subúrbio,13.0,491027.57
58.0,2,Zona Norte,12.0,316959.23
55.7,2,Zona Norte,52.0,247758.66
86.0,3,Zona Norte,56.0,388219.76
114.5,4,Centro,6.0,647548.95
49.5,2,Subúrbio,14.0,223945.78
81.9,3,Zona Sul,6.0,658793.48
92.9,3,Subúrbio,37.0,403961.52
100.8,3,Zona Sul,33.0,720985.29
85.3,3,Centro,40.0,386159.09
69.0,2,Centro,21.0,343029.91
55.2,2,Zona Sul,23.0,373037.32
82.6,3,Zona Sul,48.0,463565.03
47.8,2,Zona Sul,36.0,328188.67
20.0,1,Subúrbio,43.0,63666.29
93.1,3,Zona Sul,0.0,672114.41
107.1,4,Centro,9.0,596590.2
20.0,1,Centro,42.0,94616.01
49.7,2,Zona Norte,15.0,242177.26
98.6,três,Zona Sul,45.0,669810.64
141.7,5,Subúrbio,7.0,630938.29
80.6,3,Subúrbio,999.0,327175.13
,2,Subúrbio,48.0,209642.57
74.5,2,z. norte,24.0,443561.35
121.2,4,Centro,49.0,586109.69
60.6,2,Subúrbio,11.0,244085.82
56.0,2,Centro,24.0,238937.43
65.5,2,Zona Norte,16.0,310685.76
51.4,2,Zona Sul,59.0,292444.76
,3,Zona Sul,,621175.62
,4,Zona Sul,45.0,877856.73
89.7,3,ZONA SUL,47.0,350207.77
72.4,2,Zona Sul,13.0,470632.63
71.2,2,Subúrbio,40.0,295935.21
33.1,1,Zona Norte,35.0,104563.32
,4,Zona Norte,56.0,487997.91
77.7,3,Subúrbio,22.0,323005.46
74.6,2,Centro,42.0,288909.79
175.8,5,Zona Sul,5.0,1221464.43
89.0,3,Zona Sul,46.0,623136.53
57.4,2,Zona Sul,4.0,370596.49
67.2,2,Subúrbio,999.0,214792.64
114.5,4,Zona Norte,24.0,618421.84
83.4,3,Zona Sul,17.0,590654.85
36.9,1,Zona Norte,12.0,179219.57
107.6,4,centro ,42.0,661248.43
60.0,2,Zona Sul,13.0,441816.58
136.2,5,Subúrbio,27.0,579104.13
112.4,três,Centro,17.0,653120.7
66.6,2,Subúrbio,58.0,209376.84
118.4,4,Zona Sul,59.0,788223.02
82.0,3,Zona Sul,56.0,540914.33
105.6,4,Centro,27.0,553407.78
,3,Zona Norte,50.0,484123.43
54.6,2,Zona Norte,55.0,190690.16
60.7,2,Zona Sul,26.0,403718.47
110.9,4,Zona Norte,31.0,624660.95
70.0,2,Zona Sul,46.0,432573.6
67.9,2,Centro,8.0,439639.45
51.3,2,z. norte,39.0,255462.35
92.7,3,Zona Sul,31.0,609193.68
141.9,5,Centro,19.0,866105.33
48.0,2,Subúrbio,27.0,240507.08
80.7,3,Subúrbio,32.0,284419.11
122.4,4,Centro,,663808.18
77.6,3,Zona Sul,45.0,463575.19
93.6,3,Zona Sul,56.0,596381.39
48.1,2,Centro,33.0,248275.71
92.8,3,Zona Norte,47.0,470649.62
74.4,2,Subúrbio,,278245.4
109.6,4,Zona Norte,25.0,571216.75
115.6,4,Zona Sul,7.0,837411.72
157.7,5,ZONA SUL,5.0,1090557.29
97.4,3,Zona Norte,15.0,498290.14
89.8,3,Centro,23.0,515062.46
85.8,3,Zona Norte,47.0,372035.37
69.4,2,Zona Norte,38.0,373682.87
90.2,3,Subúrbio,29.0,406552.53
71.1,2,Subúrbio,44.0,255029.71
85.1,3,centro ,12.0,447802.96
119.5,4,Zona Norte,4.0,696594.46
49.8,2,Zona Sul,24.0,305291.99
114.2,4,Subúrbio,19.0,475845.49
119.5,4,Subúrbio,53.0,477737.76
76.5,3,Zona Sul,17.0,477919.63
20.0,dois,centro ,46.0,7500.73
61.8,dois,Subúrbio,17.0,249191.52
118.9,4,Subúrbio,1.0,552710.23
79.3,3,Centro,9.0,419022.57
50.0,2,Subúrbio,54.0,161355.42
64.9,2,ZONA SUL,44.0,190223.23
105.2,4,Centro,49.0,560567.52
96.4,3,Centro,46.0,479612.51
72.8,2,Zona Norte,11.0,396916.56
69.0,2,Zona Sul,46.0,425416.76
68.2,2,z. norte,12.0,474550.99
52.3,2,ZONA SUL,49.0,213625.29
128.5,4,Centro,46.0,687195.99
70.3,2,Subúrbio,56.0,250827.98
116.5,4,Zona Norte,54.0,576602.2
125.6,4,Zona Norte,10.0,692937.77
109.9,4,Centro,18.0,601847.68
67.1,2,Subúrbio,34.0,254132.59
92.1,3,Subúrbio,38.0,384230.8
79.3,3,Zona Sul,52.0,463806.05
52.9,2,Zona Sul,25.0,321144.41
89.7,3,Subúrbio,45.0,369701.02
44.6,1,Zona Sul,13.0,286380.06
115.6,4,Centro,53.0,607793.7
66.1,2,Subúrbio,44.0,255712.29
86.0,3,Zona Sul,43.0,536797.3
88.5,3,Zona Norte,23.0,485246.07
72.2,2,Subúrbio,40.0,308847.13
97.6,3,Subúrbio,0.0,451812.64
65.8,2,Zona Norte,50.0,313732.0
106.1,4,Centro,42.0,542541.47
39.6,1,centro ,54.0,166894.24
83.8,3,Subúrbio,21.0,340544.84
138.2,três,Centro,22.0,767995.64
50.0,2,Zona Sul,55.0,346770.58
59.7,2,Zona Sul,53.0,352656.16
,3,Zona Sul,18.0,650490.69
85.4,3,Subúrbio,17.0,356451.05
90.5,3,Zona Norte,11.0,493954.26
94.7,3,Centro,54.0,477915.44
,3,Zona Sul,27.0,673494.01
113.3,4,Centro,27.0,586499.14
92.3,3,Subúrbio,59.0,326869.33
72.8,2,Zona Sul,58.0,416416.24
100.2,3,Subúrbio,32.0,411580.69
137.0,5,Zona Norte,18.0,771631.58
76.0,3,Subúrbio,27.0,347208.65
50.8,três,Subúrbio,58.0,247277.27
113.2,4,Zona Norte,51.0,525701.09
76.4,3,Centro,48.0,390548.69
20.0,1,Zona Norte,36.0,68949.23
105.4,4,Zona Norte,25.0,514275.96
63.9,2,Subúrbio,34.0,284446.54
77.3,3,Centro,33.0,409555.2
90.0,3,Zona Sul,34.0,620430.35
85.7,3,Zona Norte,39.0,379092.38
101.3,3,centro ,15.0,537305.26
66.9,2,Zona Norte,37.0,286801.14
95.4,3,Zona Norte,12.0,583858.9
72.2,-1,Zona Norte,22.0,402404.51
102.2,3,Zona Norte,59.0,461892.54
98.5,3,Subúrbio,53.0,332144.93
51.9,2,Centro,21.0,274005.85
112.6,4,Centro,15.0,653169.98
63.9,2,Centro,27.0,267053.88
104.2,3,Zona Norte,47.0,482755.43
91.0,3,Subúrbio,34.0,338106.94
135.1,5,Zona Norte,59.0,713235.94
73.3,2,Zona Norte,44.0,329385.23
69.5,2,Centro,45.0,310264.38
79.4,3,Zona Norte,7.0,451826.7
70.9,2,Zona Sul,43.0,402681.52
104.0,3,Zona Norte,54.0,455680.68
31.5,1,Zona Sul,54.0,166609.99
48.4,2,Zona Norte,21.0,294322.21
48.0,2,Subúrbio,20.0,205251.12
108.5,4,Subúrbio,25.0,475601.58
131.3,4,Centro,39.0,715922.43
76.9,3,Zona Norte,20.0,419032.22
74.9,2,Zona Sul,24.0,479707.43
82.1,3,Zona Sul,40.0,534840.35
114.9,4,Zona Norte,0.0,696076.8
52.2,2,Zona Sul,5.0,383015.79
87.2,3,centro ,22.0,350122.8
109.3,4,Zona Sul,50.0,721073.6
95.0,3,Centro,,521850.82
85.7,3,z. norte,42.0,356437.4
110.0,4,Subúrbio,42.0,470310.25
20.0,1,Subúrbio,22.0,44799.67
100.3,3,Zona Norte,31.0,538284.4
60.4,2,Zona Norte,29.0,299242.63
25.1,1,Subúrbio,12.0,80570.32
95.3,3,Zona Norte,42.0,496544.94
121.2,4,Zona Sul,17.0,845104.25
75.9,3,Zona Norte,22.0,359153.8
108.6,4,Zona Norte,14.0,571913.11
128.4,4,Subúrbio,32.0,533624.28
119.4,4,Centro,20.0,664586.24
129.2,4,Centro,56.0,616072.58
102.3,3,Centro,38.0,507099.25
82.3,3,Zona Sul,22.0,533311.34
31.9,1,centro ,26.0,170166.12
72.6,2,Centro,44.0,388610.56
54.7,2,Subúrbio,43.0,247488.88
,5,Centro,17.0,829090.79
74.7,2,Centro,23.0,404992.43
83.7,3,Zona Norte,50.0,341324.34
96.5,3,Zona Norte,46.0,479038.0
81.3,3,Zona Norte,39.0,393157.59
130.9,4,Zona Sul,50.0,883448.94
61.3,2,Zona Sul,41.0,294505.44
85.8,3,Centro,6.0,485980.15
57.7,2,Zona Norte,49.0,248696.1
40.4,1,Centro,47.0,185049.52
61.6,2,Subúrbio,19.0,302227.32
78.9,3,Subúrbio,26.0,304490.2
67.1,2,Zona Norte,5.0,341593.35
59.2,2,Zona Norte,26.0,304051.75
37.8,1,Subúrbio,8.0,209654.79
,3,Zona Norte,52.0,371338.5
34.9,1,Zona Sul,44.0,128404.68
102.8,3,Zona Sul,56.0,618834.86
82.5,3,Zona Norte,30.0,433445.89
36.3,1,Subúrbio,20.0,144299.89
70.7,2,Centro,25.0,334996.01
57.4,2,Zona Norte,39.0,249902.82
89.6,3,Zona Norte,47.0,407929.14
120.2,4,Centro,44.0,649302.7
23.7,1,Zona Norte,12.0,95680.87
83.5,3,Centro,,391310.09
75.2,3,Subúrbio,22.0,307586.48
100.1,-1,Zona Sul,19.0,643682.6
86.4,3,Subúrbio,36.0,324481.14
57.4,2,Zona Sul,53.0,358860.11
70.4,2,Centro,52.0,277863.27
56.1,2,Zona Sul,27.0,335215.69
112.3,4,Subúrbio,16.0,453944.48
80.6,3,Zona Sul,27.0,546787.42
137.0,5,Centro,40.0,781742.9
78.2,3,Zona Sul,1.0,580240.31
58.7,2,centro ,24.0,299741.85
34.6,1,Subúrbio,57.0,62090.86
25.9,1,Zona Norte,49.0,74180.51
32.5,1,Centro,40.0,159251.12
88.0,3,Zona Sul,5.0,644626.98
95.3,3,Zona Norte,10.0,585261.86
32.6,1,Zona Norte,56.0,136605.79
106.9,4,Zona Sul,37.0,723792.98
65.5,2,Zona Sul,5.0,464879.46
84.4,3,Subúrbio,44.0,381742.86
128.4,4,Zona Norte,10.0,710952.86
106.9,4,Zona Norte,13.0,637293.54
71.9,2,Centro,1.0,458307.62
53.3,2,Subúrbio,39.0,192130.35
20.0,1,Centro,2.0,127558.66
58.4,2,Zona Norte,54.0,280527.13
73.7,2,Centro,52.0,353355.47
50.4,2,ZONA SUL,34.0,263737.79
76.1,3,Zona Norte,32.0,352307.24
82.3,3,Centro,23.0,411575.28
73.3,2,Centro,18.0,364413.59
60.5,2,centro ,17.0,448532.12
85.1,3,Zona Sul,48.0,500226.41
93.3,3,Zona Sul,51.0,630425.23
47.3,2,Zona Norte,23.0,265335.16
122.3,4,Centro,44.0,660266.76
77.0,3,Subúrbio,34.0,287483.43
80.6,3,Zona Norte,0.0,464996.51
101.2,3,Subúrbio,35.0,419954.01
,3,Centro,24.0,466631.43
108.6,4,Zona Norte,44.0,565840.22
88.6,3,z. norte,48.0,336559.11
61.6,2,Subúrbio,59.0,211763.73
90.8,3,Zona Sul,42.0,617600.11
,2,Zona Sul,33.0,249628.02
83.3,3,Zona Sul,,618780.65
79.0,3,Zona Norte,15.0,461972.47
73.8,2,Centro,33.0,330326.41
76.1,3,Centro,28.0,410234.45
23.5,1,Zona Sul,18.0,170984.4
63.5,2,Zona Sul,22.0,385039.84
,3,Zona Sul,18.0,582264.11
84.8,3,Subúrbio,24.0,356027.31
49.2,2,Zona Sul,15.0,322985.93
,4,Subúrbio,53.0,475055.65
54.0,2,centro ,50.0,217065.18
109.1,4,Zona Norte,8.0,654647.79
92.8,3,Zona Norte,0.0,505279.82
60.6,2,Zona Norte,41.0,305325.27
133.3,4,Zona Norte,18.0,669635.04
44.2,1,ZONA SUL,32.0,149509.29
107.6,4,Subúrbio,33.0,455067.84
110.0,4,Zona Sul,15.0,784034.82
59.9,2,Subúrbio,43.0,208036.03
121.8,4,Zona Sul,39.0,799455.28
,2,Zona Sul,54.0,440577.15
88.7,3,Zona Norte,17.0,507787.78
87.8,3,Subúrbio,33.0,357173.79
76.0,3,Subúrbio,24.0,290183.83
104.3,3,Zona Sul,44.0,724126.09
,3,Zona Sul,5.0,716586.38
27.5,1,Centro,20.0,83937.54
119.1,4,Centro,57.0,529772.38
30.1,1,Zona Sul,5.0,215047.62
111.0,4,Centro,31.0,581859.44
113.8,4,centro ,40.0,619934.47
47.3,2,Zona Sul,47.0,285944.08
,2,Zona Sul,42.0,418697.25
46.8,2,Subúrbio,38.0,165574.42
73.6,2,Zona Sul,30.0,504889.72
70.8,2,Zona Sul,41.0,488005.01
103.4,3,Zona Norte,9.0,593718.46
119.3,4,Subúrbio,29.0,492531.1
121.9,4,Subúrbio,56.0,507729.02
63.1,2,Subúrbio,51.0,211277.15
73.7,2,Zona Norte,17.0,349964.7
29.5,1,Zona Sul,59.0,75708.38
55.8,2,Subúrbio,23.0,216950.24
108.9,4,ZONA SUL,51.0,441700.99
128.5,4,Centro,,772154.86
43.0,1,Subúrbio,30.0,125427.45
62.2,2,Zona Sul,14.0,468874.12
79.2,3,Zona Sul,3.0,577483.09
88.4,3,Centro,39.0,383032.62
55.7,2,Subúrbio,8.0,230075.8
92.7,3,Subúrbio,44.0,401388.24
65.8,2,Subúrbio,8.0,295879.36
79.6,3,Zona Norte,25.0,432465.7
96.4,3,Subúrbio,3.0,469809.23
,3,Zona Sul,16.0,536962.25
66.9,2,Zona Sul,15.0,426102.24
76.7,3,Zona Norte,14.0,354646.67
77.3,3,Zona Norte,34.0,422058.02
68.9,2,Subúrbio,56.0,257273.2
72.2,2,Centro,51.0,346399.59
128.0,4,z. norte,4.0,678306.74
96.8,3,Zona Norte,54.0,415010.45
71.1,2,Subúrbio,4.0,272153.81
100.9,3,Subúrbio,19.0,401157.36
70.0,2,Zona Norte,14.0,415545.84
115.2,4,Centro,17.0,660472.5
91.1,3,Zona Norte,46.0,432699.71
76.8,3,Subúrbio,1.0,362901.3
93.4,3,Subúrbio,28.0,367775.16
32.9,1,Zona Norte,12.0,177296.97
,2,Centro,3.0,232342.01
44.2,1,Zona Norte,41.0,201918.79
84.3,dois,Zona Norte,44.0,389950.37
132.0,4,Subúrbio,9.0,605279.25
146.9,5,Centro,30.0,776872.33
99.1,3,Zona Sul,40.0,620717.69
95.0,3,Centro,7.0,573016.57
26.0,1,Zona Norte,2.0,152149.73
63.7,2,Zona Norte,47.0,278433.49
,2,Zona Norte,45.0,277077.79
61.4,2,Centro,8.0,294673.13
75.0,2,Subúrbio,,330228.65
65.8,2,Zona Norte,52.0,287003.07
20.6,1,Zona Norte,10.0,126128.66
102.4,3,Centro,34.0,474750.33
47.8,2,Zona Sul,36.0,281142.33
87.2,3,Zona Sul,41.0,564840.54
142.2,5,Subúrbio,12.0,665398.9
52.4,2,Subúrbio,35.0,220086.18
20.0,1,Zona Norte,55.0,25725.69
71.4,2,Centro,12.0,388637.8
113.0,4,Zona Norte,11.0,666341.02
138.8,5,Subúrbio,,585802.04
43.1,1,Centro,9.0,212801.61
94.9,3,Centro,59.0,389313.74
66.0,2,Subúrbio,55.0,221790.58
76.8,3,Zona Sul,8.0,509551.26
159.3,5,Zona Sul,51.0,1062766.91
34.9,1,Centro,6.0,215198.51
87.6,3,Zona Norte,1.0,432971.76
94.0,3,Zona Sul,53.0,622876.43
112.6,4,ZONA SUL,55.0,550461.25
82.9,3,Zona Sul,,501241.77
89.2,3,Zona Sul,22.0,600097.26
,2,Zona Norte,38.0,272855.61
88.1,3,Subúrbio,39.0,330005.56
69.7,2,Zona Sul,,493899.81
98.6,3,Zona Sul,20.0,647325.15
68.9,2,Zona Norte,22.0,303902.18
91.3,3,Subúrbio,28.0,383890.78
79.1,3,Zona Sul,13.0,564370.46
113.8,4,Zona Sul,25.0,785129.91
78.5,3,Subúrbio,50.0,302266.19
26.8,1,Zona Sul,4.0,211784.75
117.9,três,Subúrbio,54.0,453015.67
52.8,2,z. norte,30.0,213144.43
60.4,2,Zona Norte,24.0,336651.29
62.1,2,Centro,30.0,275792.15
121.2,4,Subúrbio,49.0,420467.13
20.0,1,Zona Norte,19.0,111624.25
174.1,5,Centro,43.0,981251.16
,4,Zona Sul,54.0,724410.44
86.7,3,Centro,16.0,475543.8
78.4,3,Subúrbio,44.0,299738.47
88.6,3,Subúrbio,1.0,448708.31
95.6,3,Subúrbio,24.0,399401.98
99.4,3,Subúrbio,12.0,425428.95
96.7,3,Subúrbio,57.0,393598.45
82.7,3,Zona Norte,38.0,401908.91
74.1,2,Subúrbio,27.0,257378.58
75.5,3,Zona Norte,41.0,402278.02
74.2,2,Zona Sul,54.0,410946.47
114.0,4,Subúrbio,5.0,484788.61
,3,Subúrbio,2.0,499828.25
20.0,1,Centro,57.0,29142.1
99.7,3,Zona Sul,34.0,674427.43
85.8,3,Subúrbio,17.0,371854.19
79.4,3,Subúrbio,10.0,327165.36
68.3,2,Zona Sul,53.0,413571.91
113.7,4,centro ,19.0,629554.28
108.4,4,Subúrbio,4.0,473121.78
56.8,dois,Centro,18.0,310064.06
92.2,3,Subúrbio,21.0,376216.97
50.9,2,Centro,58.0,174116.63
38.6,1,Centro,59.0,88387.26
61.2,2,Subúrbio,18.0,263295.69
105.9,4,Subúrbio,46.0,420805.29
,4,Centro,15.0,645519.88
95.4,3,Zona Sul,23.0,651912.91
101.8,3,Zona Sul,40.0,637837.58
95.5,3,Subúrbio,3.0,431075.92
60.8,2,Zona Norte,14.0,283949.74
93.0,3,Zona Sul,24.0,632900.96
,3,Subúrbio,43.0,422024.15
102.6,3,Zona Sul,54.0,645656.98
115.7,4,Zona Norte,34.0,646421.0
101.2,3,Subúrbio,54.0,466121.98
90.5,3,Zona Norte,13.0,513359.15
112.1,4,Subúrbio,48.0,490181.92
79.2,3,Zona Norte,18.0,505325.69
53.5,2,Zona Sul,37.0,297697.67
75.1,3,Zona Sul,35.0,501870.76
57.7,2,ZONA SUL,6.0,304924.71
